word,Orthography,bucket_q,uni_prob,bi_prob_smoothed
t͡ʃ1 u1 ɲ u,chuñu,uni1-bi1,-22.38893405,-26.21981339
ɲ1 o1 ɲ u,ñoñu,uni1-bi1,-22.34382204,-30.00934016
ɲ1 u1 t͡ʃ u,ñuchu,uni1-bi1,-22.27393547,-27.92273555
t͡ʃ1 u1 t͡ʃ u,chuchu,uni1-bi1,-21.75357461,-22.64760152
t͡ʃ u t͡ʃ1 u1,chuchú,uni1-bi1,-21.75357461,-20.96235133
r1 u1 ɲ u,ruñu,uni1-bi1,-21.70292976,-24.57595353
ɲ1 i1 ɲ u,ñiñu,uni1-bi1,-21.67177057,-30.71394478
ɲ u t͡ʃ1 e1,ñuché,uni1-bi1,-21.32398199,-24.52553376
ɲ1 u1 ɲ o,ñuño,uni1-bi1,-21.28923719,-22.39294382
ɲ i ɲ1 o1,ñiñó,uni1-bi1,-21.24952941,-26.04989147
ɲ1 o1 ɲ i,ñoñi,uni1-bi1,-21.24952941,-28.43497778
t͡ʃ u ɲ1 e1,chuñé,uni1-bi1,-21.20898341,-19.9444396
ɲ i r1 u1,ñirú,uni1-bi1,-20.60863713,-30.54680471
ɲ i ɲ1 i1,ñiñí,uni1-bi1,-20.57747794,-28.60263929
ɲ1 o1 ɲ e,ñoñe,uni1-bi1,-20.53502246,-22.32393354
m1 u1 ɲ u,muñu,uni1-bi1,-20.50110981,-24.29528028
t͡ʃ u g1 u1,chugú,uni1-bi1,-20.39707929,-20.3845101
ɲ u b1 u1,ñubú,uni1-bi1,-20.35081507,-26.24672789
ɲ1 u1 l u,ñulu,uni1-bi1,-19.56777563,-28.17926104
ɲ u g1 a1,ñugá,uni1-bi1,-19.53783545,-24.3321325
ɲ u s1 u1,ñusú,uni1-bi1,-19.52115647,-26.25509244
t͡ʃ u f1 a1,chufá,uni1-bi1,-19.42035363,-20.23580463
f1 a1 t͡ʃ u,fachu,uni1-bi1,-19.42035363,-22.35390168
ɲ1 i1 r u,ñirru,uni1-bi1,-19.39848763,-30.54832725
ɲ u i1 u1,ñuyú,uni1-bi1,-19.05520554,-30.13785221
x1 o1 r u,jorru,uni1-bi1,-18.53696104,-22.27188496
ɲ o d1 u1,ñodú,uni1-bi1,-18.5181466,-24.33625809
ɲ1 o1 u i,ñohui,uni1-bi1,-18.4689513,-28.72015672
t͡ʃ1 o1 r i,chorri,uni1-bi1,-18.45588561,-20.26324956
ɲ1 i1 m u,ñimu,uni1-bi1,-18.36314203,-26.33014468
ɲ i u1 i1,ñihuí,uni1-bi1,-17.96091291,-31.04047473
ɲ u i1 a1,ñuyá,uni1-bi1,-17.56060225,-26.30594642
p i r1 u1,pirú,uni1-bi1,-17.52613861,-20.29256086
ɲ1 i1 b i,ñibi,uni1-bi1,-17.50954938,-22.26415284
t͡ʃ1 e1 i u,cheyu,uni1-bi1,-17.44911125,-24.29415539
ɲ o u1 i1,ñohuí,uni1-bi1,-17.43514782,-28.1969997
t͡ʃ1 u1 ɲ o,chuño,uni1-bi2,-20.76887633,-17.11780979
x u ɲ1 o1,juñó,uni1-bi2,-20.65327247,-16.94028301
t͡ʃ i ɲ1 o1,chiñó,uni1-bi2,-20.61416997,-18.72612087
t͡ʃ1 u1 ɲ e,chuñe,uni1-bi2,-20.58013447,-18.53440677
t͡ʃ1 u1 ɲ a,chuña,uni1-bi2,-20.57520288,-16.77541155
f u t͡ʃ1 u1,fuchú,uni1-bi2,-20.54677295,-18.10625356
t͡ʃ1 o1 ɲ o,choño,uni1-bi2,-20.20340347,-16.64792716
x u ɲ1 e1,juñé,uni1-bi2,-20.15379328,-17.86550385
t͡ʃ i t͡ʃ1 o1,chichó,uni1-bi2,-20.09380911,-18.87904345
f u ɲ1 e1,fuñé,uni1-bi2,-20.00218175,-17.08834184
r1 u1 t͡ʃ i,ruchi,uni1-bi2,-19.97327769,-18.42607718
t͡ʃ e ɲ1 o1,cheñó,uni1-bi2,-19.89966302,-17.31693647
r1 o1 x u,roju,uni1-bi2,-19.44690732,-18.74249056
t͡ʃ a ɲ1 e1,chañé,uni1-bi2,-19.39525224,-17.08508239
t͡ʃ1 o1 t͡ʃ e,choche,uni1-bi2,-19.37930217,-16.70640065
x u g1 u1,jugú,uni1-bi2,-19.34188917,-18.30557434
b u t͡ʃ1 u1,buchú,uni1-bi2,-19.32100548,-18.02627928
p u t͡ʃ1 u1,puchú,uni1-bi2,-19.30643553,-17.41823047
r u g1 u1,rufú,uni1-bi2,-18.75915579,-17.45526441
f1 e1 t͡ʃ i,fechi,uni1-bi2,-18.75571223,-18.71204454
t͡ʃ1 u1 f e,chufe,uni1-bi2,-18.73797337,-17.09367024
f i ɲ1 i1,fiñí,uni1-bi2,-18.73531684,-18.38135652
x u b1 u1,jubú,uni1-bi2,-18.66026551,-17.84732364
t u ɲ1 o1,tuñó,uni1-bi2,-18.65963271,-16.68932969
l u ɲ1 a1,luñá,uni1-bi2,-18.07317234,-17.47619615
x u t1 u1,jutú,uni1-bi2,-18.07108899,-18.31126825
m u x1 u1,mujú,uni1-bi2,-18.06708831,-17.89793906
r u f1 i1,rufí,uni1-bi2,-18.03950908,-16.71083026
d u f1 u1,dufú,uni1-bi2,-18.01471898,-18.72739247
t͡ʃ i l1 o1,chiló,uni1-bi2,-17.99673043,-17.07646174
t͡ʃ u s1 a1,chusá,uni1-bi2,-17.39119375,-17.47606431
b1 i1 t͡ʃ i,bichi,uni1-bi2,-17.38363867,-18.33226189
l o ɲ1 o1,loñó,uni1-bi2,-17.38224504,-16.65324137
t͡ʃ1 a1 d u,chadu,uni1-bi2,-17.35873339,-18.74992034
x1 o1 f o,jofo,uni1-bi2,-17.34802516,-17.04982632
t͡ʃ a g1 i1,chaguí,uni1-bi2,-17.34582379,-17.8888321
g u ɲ1 o1,guñó,uni1-bi3,-20.23539296,-16.14392515
x u t͡ʃ1 o1,juchó,uni1-bi3,-20.13291161,-15.29447745
r1 u1 ɲ o,ruño,uni1-bi3,-20.08287204,-15.47394994
r u ɲ1 o1,ruñó,uni1-bi3,-20.0705391,-16.08997308
f1 u1 ɲ o,fuño,uni1-bi3,-19.93025864,-15.12815003
f1 u1 ɲ a,fuña,uni1-bi3,-19.73658519,-14.78575178
t͡ʃ1 e1 ɲ o,cheño,uni1-bi3,-19.70392428,-15.58869126
x u t͡ʃ1 e1,juché,uni1-bi3,-19.63343243,-16.12612952
x1 u1 ɲ a,juña,uni1-bi3,-19.56198568,-15.81633287
t͡ʃ1 e1 ɲ a,cheña,uni1-bi3,-19.51025082,-15.24629302
f u t͡ʃ1 e1,fuché,uni1-bi3,-19.48182089,-15.34896751
g1 u1 ɲ a,guña,uni1-bi3,-19.21870757,-14.90147944
x u x1 o1,jujó,uni1-bi3,-19.11969441,-16.03396981
t͡ʃ1 e1 t͡ʃ o,checho,uni1-bi3,-19.06856484,-15.56270594
r u t͡ʃ1 e1,ruché,uni1-bi3,-19.05069905,-15.27581959
g u r1 o1,gurró,uni1-bi3,-19.02902781,-15.11892149
t͡ʃ u d1 o1,chudó,uni1-bi3,-18.937372,-16.28782932
r1 o1 t͡ʃ o,rocho,uni1-bi3,-18.88203973,-14.7111634
t͡ʃ1 o1 x o,chojo,uni1-bi3,-18.5128539,-14.76610978
l1 u1 ɲ a,luña,uni1-bi3,-18.4781242,-15.69617554
t͡ʃ1 a1 t͡ʃ e,chache,uni1-bi3,-18.45017175,-15.85406417
g a ɲ1 o1,gañó,uni1-bi3,-18.42166179,-14.94898602
k u ɲ1 e1,cuñé,uni1-bi3,-18.40296539,-15.33048294
f u r1 a1,furrá,uni1-bi3,-18.36616537,-16.21868219
p u f1 o1,pufó,uni1-bi3,-17.90234497,-15.10082542
s1 u1 ɲ o,suño,uni1-bi3,-17.90109876,-15.31581254
x u g1 a1,jugá,uni1-bi3,-17.84728588,-15.93272826
t͡ʃ1 i1 x o,chijo,uni1-bi3,-17.84080243,-15.65158247
g u m1 o1,gumó,uni1-bi3,-17.82720786,-14.78384083
k i ɲ1 o1,quiñó,uni1-bi3,-17.80815195,-16.21032625
t͡ʃ e k1 o1,checó,uni1-bi3,-17.35990156,-16.24628141
t͡ʃ1 u1 k o,chuco,uni1-bi3,-17.32749888,-15.67300675
x u m1 a1,jumá,uni1-bi3,-17.31595696,-15.98320947
x1 o1 x a,joja,uni1-bi3,-17.30596324,-14.74159014
b1 i1 ɲ e,biñe,uni1-bi3,-17.30449116,-15.34734412
r e x1 u1,rejú,uni1-bi3,-17.29363433,-15.07185368
r u t͡ʃ1 o1,ruchó,uni1-bi4,-19.55017824,-14.44416752
r1 u1 t͡ʃ o,rucho,uni1-bi4,-19.4475126,-13.9656272
f1 u1 t͡ʃ o,fucho,uni1-bi4,-19.2948992,-13.61982729
t͡ʃ1 a1 ɲ o,chaño,uni1-bi4,-19.27427305,-14.30232419
r1 u1 t͡ʃ a,rucha,uni1-bi4,-19.25383915,-13.58598795
f1 u1 t͡ʃ a,fucha,uni1-bi4,-19.10122575,-13.24018804
t͡ʃ1 a1 ɲ a,chaña,uni1-bi4,-19.0805996,-13.95992595
g1 u1 t͡ʃ o,gucho,uni1-bi4,-18.77702158,-13.73555495
p u t͡ʃ1 o1,puchó,uni1-bi4,-18.74096266,-13.82929235
r1 o1 t͡ʃ a,rocha,uni1-bi4,-18.68836628,-14.33152415
r1 a1 ɲ o,raño,uni1-bi4,-18.58826876,-13.4797642
g1 u1 t͡ʃ a,gucha,uni1-bi4,-18.58334813,-13.3559157
r1 a1 ɲ a,raña,uni1-bi4,-18.39459531,-13.13736596
p1 u1 t͡ʃ o,pucho,uni1-bi4,-18.38726118,-12.98141639
k u t͡ʃ1 o1,cuchó,uni1-bi4,-18.38208372,-12.75945654
f u p1 o1,fupó,uni1-bi4,-18.23504437,-13.902008
f1 e1 t͡ʃ o,fecho,uni1-bi4,-18.22994714,-14.25159456
p1 u1 t͡ʃ a,pucha,uni1-bi4,-18.19358773,-12.60177714
r1 e1 t͡ʃ a,recha,uni1-bi4,-18.18888709,-13.41567335
k1 u1 t͡ʃ o,cucho,uni1-bi4,-18.11411629,-12.20104401
k1 u1 t͡ʃ e,cuche,uni1-bi4,-17.92537443,-12.74333592
k1 u1 t͡ʃ a,cucha,uni1-bi4,-17.92044284,-11.82140476
b1 u1 t͡ʃ a,bucha,uni1-bi4,-17.90172446,-12.91468944
m1 e1 ɲ o,meño,uni1-bi4,-17.81610003,-12.91595561
r u p1 o1,rupó,uni1-bi4,-17.80392253,-13.82886008
f u d1 o1,fudó,uni1-bi4,-17.73057034,-13.43173155
g1 a1 ɲ a,gaña,uni1-bi4,-17.72410428,-12.85190637
g1 u1 x o,gujo,uni1-bi4,-17.72183145,-14.22278119
m1 e1 ɲ a,meña,uni1-bi4,-17.62242658,-12.57355737
p1 a1 ɲ a,paña,uni1-bi4,-17.33434389,-12.4773866
r u d1 o1,rudó,uni1-bi4,-17.2994485,-13.35858363
s1 u1 t͡ʃ o,sucho,uni1-bi4,-17.26573932,-13.8074898
k1 a1 ɲ o,caño,uni1-bi4,-17.25487245,-12.20820201
r1 o1 r o,rorro,uni1-bi4,-17.24411623,-14.28874874
m1 e1 t͡ʃ o,mecho,uni1-bi4,-17.18074059,-12.88997029
r e r1 o1,rerró,uni1-bi4,-17.05537437,-12.25587832
t1 e1 f u,tefu,uni2-bi1,-16.8545254,-21.38356425
b1 i1 r u,birru,uni2-bi1,-16.84000779,-22.86713321
m1 u1 t u,mutu,uni2-bi1,-16.81692048,-19.98756196
u1 i1 r u,huiru,uni2-bi1,-16.78192259,-26.9177371
l1 i1 r u,lirru,uni2-bi1,-16.78104809,-24.31089601
u1 o1 b u,huobu,uni2-bi1,-16.65932844,-25.19606201
u1 o1 p u,huopu,uni2-bi1,-16.64475848,-25.78361628
ɲ1 a1 t i,ñati,uni2-bi1,-16.63620967,-21.43950402
n i f1 u1,nifú,uni2-bi1,-16.62703364,-19.95569242
f1 e1 i u,feyu,uni2-bi1,-16.61049356,-22.98304401
g i u1 o1,guihuó,uni2-bi1,-16.5245353,-24.14196038
x1 e1 i u,geyu,uni2-bi1,-16.43589405,-22.88216201
u1 o1 m u,huomu,uni2-bi1,-16.41862847,-25.22373126
x o u1 o1,johuó,uni2-bi1,-16.41664973,-24.18161328
ɲ o s1 a1,ñosá,uni2-bi1,-16.40649548,-21.41065482
u1 o1 l u,huolu,uni2-bi1,-16.38573773,-25.38532776
i1 o1 g u,yogu,uni2-bi1,-16.38130359,-19.94418271
p1 o1 i u,poyu,uni2-bi1,-16.20233473,-21.41646286
u1 o1 d u,huodu,uni2-bi1,-16.19165963,-26.11905335
l1 e1 b u,lebu,uni2-bi1,-16.15897474,-19.89964062
n1 u1 m u,numu,uni2-bi1,-16.15077387,-23.00215506
g1 e1 u i,guehui,uni2-bi1,-16.09261594,-25.1405171
g1 e1 i u,gueyu,uni2-bi1,-16.09261594,-24.22078231
u1 o1 t u,huotu,uni2-bi1,-16.04306768,-24.91270518
u1 o1 ɾ u,huoru,uni2-bi1,-16.02022775,-24.64138327
i1 u1 b u,yubu,uni2-bi1,-15.98727697,-23.03369544
l1 i1 p u,lipu,uni2-bi1,-15.97183251,-21.3576917
n1 i1 r u,niru,uni2-bi1,-15.94859513,-26.01571559
m1 a1 p u,mapu,uni2-bi1,-15.924008,-19.93094803
u1 o1 u i,huohui,uni2-bi1,-15.85238627,-28.35365474
u1 o1 i u,huoyu,uni2-bi1,-15.85238627,-27.43391995
n1 o1 p u,nopu,uni2-bi1,-15.81143102,-22.92209464
g a u1 o1,gahuó,uni2-bi1,-15.80509676,-21.46183984
x1 i1 s u,gisu,uni2-bi1,-15.76220008,-19.96898805
i1 u1 l u,yulu,uni2-bi1,-15.71368625,-24.42506832
u1 i1 r i,huiri,uni2-bi1,-15.68762997,-25.12670369
r i r1 a1,rirrá,uni2-bi2,-16.8407509,-18.76296075
k i x1 u1,quijú,uni2-bi2,-16.84004676,-17.48317663
t u m1 u1,tumú,uni2-bi2,-16.81692048,-18.32664649
g1 o1 f e,gofe,uni2-bi2,-16.81600519,-16.70958164
u1 i1 t͡ʃ o,huicho,uni2-bi2,-16.79978838,-17.9224158
i1 u1 t͡ʃ o,yucho,uni2-bi2,-16.79978838,-17.13042837
g1 u1 m i,gumi,uni2-bi2,-16.62951757,-17.90294512
t͡ʃ1 e1 p o,chepo,uni2-bi2,-16.62142576,-17.48686381
p1 i1 x i,pigi,uni2-bi2,-16.6203118,-16.7067625
ɲ1 i1 k o,ñico,uni2-bi2,-16.61033539,-18.7133365
r1 o1 k i,roqui,uni2-bi2,-16.6017868,-18.31872906
m a r1 u1,marrú,uni2-bi2,-16.58057005,-17.05264039
g1 u1 d i,gudi,uni2-bi2,-16.40254872,-16.66477138
r o l1 u1,rolú,uni2-bi2,-16.39851471,-17.11125314
g e f1 i1,guefí,uni2-bi2,-16.39556336,-18.33931708
t u f1 a1,tufá,uni2-bi2,-16.37152375,-17.90591555
ɲ1 i1 t o,ñito,uni2-bi2,-16.36752353,-18.75291423
l o t͡ʃ1 e1,loché,uni2-bi2,-16.362405,-17.51718803
p1 a1 f i ,pafi,uni2-bi2,-16.21162133,-17.4346252
i o r1 u1,yorrú,uni2-bi2,-16.2080013,-17.90464295
n e t͡ʃ1 o1,nechó,uni2-bi2,-16.18567151,-16.66738641
ɲ1 i1 t e,ñite,uni2-bi2,-16.17878166,-18.31111374
ɲ1 i1 t a,ñita,uni2-bi2,-16.17385007,-18.72256173
t a ɲ1 i1,tañí,uni2-bi2,-16.17385007,-17.08648186
x1 o1 ɾ i,jori,uni2-bi2,-16.0089221,-17.53022266
b1 e1 m u,bemu,uni2-bi2,-15.97723448,-18.31230074
n i t͡ʃ1 a1,nichá,uni2-bi2,-15.97104805,-18.72813993
ɲ1 a1 n o,ñano,uni2-bi2,-15.96564382,-17.90274981
g e x1 a1,guejá,uni2-bi2,-15.96388491,-16.68977863
n u b1 o1,nubó,uni2-bi2,-15.95635211,-17.0938935
l i r1 a1,lirá,uni2-bi2,-15.77251457,-18.7419917
n a ɲ1 a1,nañá,uni2-bi2,-15.77197036,-16.6900308
m1 e1 t u,metu,uni2-bi2,-15.75196842,-18.3395366
x1 i1 m i,gimi,uni2-bi2,-15.73527134,-17.52418298
t͡ʃ o i1 e1,choyé,uni2-bi2,-15.73483632,-17.09606927
d1 a1 f i,dafi,uni2-bi2,-15.7071473,-17.92049691
t͡ʃ a b1 e1,chabé,uni2-bi3,-16.83677241,-15.06654254
f e g1 o1,fegó,uni2-bi3,-16.81600519,-14.76437004
x u i1 o1,juyó,uni2-bi3,-16.7991831,-15.65799628
l1 i1 t͡ʃ o,licho,uni2-bi3,-16.79891387,-15.31557471
d1 o1 x i,dogi,uni2-bi3,-16.78788925,-16.30713158
r i x1 i1,rigí,uni2-bi3,-16.77061694,-15.98676326
t͡ʃ a d1 e1,chadé,uni2-bi3,-16.62416165,-14.7790884
k u f1 a1,cufá,uni2-bi3,-16.61433562,-15.62184796
l u m1 o1,lumó,uni2-bi3,-16.59411766,-15.91988438
x u s1 i1,jusí,uni2-bi3,-16.59308257,-15.02758601
m1 u1 g e,mugue,uni2-bi3,-16.58388115,-16.24126765
x e p1 o1,gepó,uni2-bi3,-16.57785632,-15.34131984
x1 u1 l o,julo,uni2-bi3,-16.41413985,-14.75505333
t͡ʃ a b1 a1,chabá,uni2-bi3,-16.40712118,-15.63644261
f1 a1 f e,fafe,uni2-bi3,-16.4047524,-16.25194222
r a f1 e1,rafé,uni2-bi3,-16.39835019,-15.95279698
x1 e1 g e,gegue,uni2-bi3,-16.39353613,-15.34247188
l1 u1 g a,luga,uni2-bi3,-16.36969512,-15.02467035
r i p1 e1,ripé,uni2-bi3,-16.21015071,-16.22787479
k1 u1 b i,cubi,uni2-bi3,-16.20731226,-15.0769135
t͡ʃ1 u1 s a,chusa,uni2-bi3,-16.19921046,-15.96109641
f i k1 i1,fiquí,uni2-bi3,-16.19555538,-15.62572251
p i k1 u1,picú,uni2-bi3,-16.1927423,-15.35696646
r u ɾ1 o1,ruró,uni2-bi3,-16.15863586,-14.74423203
t͡ʃ a ɾ1 o1,charó,uni2-bi3,-15.98282819,-15.05301467
t͡ʃ1 e1 d e,chede,uni2-bi3,-15.97958503,-15.32317855
b i x1 i1,bigí,uni2-bi3,-15.97597131,-14.74357272
x1 i1 b i,gibi,uni2-bi3,-15.97597131,-16.21226168
x o b1 e1,jobé,uni2-bi3,-15.97525573,-15.6000379
k i f1 e1,quifé,uni2-bi3,-15.94969421,-15.96224315
p o f1 e1,pofé,uni2-bi3,-15.78280806,-15.64188321
x a b1 e1,jabé,uni2-bi3,-15.78158228,-14.73391277
k a g1 u1,cagú,uni2-bi3,-15.77733011,-15.33308691
r1 i1 p o,ripo,uni2-bi3,-15.76284918,-15.03062129
d i b1 u1,dibú,uni2-bi3,-15.72092506,-15.92608731
k1 u1 x e,cuge,uni2-bi4,-16.8701843,-12.22991664
f i k1 o1,ficó,uni2-bi4,-16.86760685,-12.96895735
d1 e1 t͡ʃ o,decho,uni2-bi4,-16.8178351,-13.55707275
f i l1 o1,filó,uni2-bi4,-16.78992877,-14.17894957
f1 u1 b a,fuba,uni2-bi4,-16.66865662,-12.92453666
m1 u1 g a,muga,uni2-bi4,-16.57894956,-14.17937326
p1 o1 x a,poja,uni2-bi4,-16.57292473,-12.39943849
m1 a1 t͡ʃ a,macha,uni2-bi4,-16.55741592,-13.55196817
t1 a1 ɲ a,taña,uni2-bi4,-16.4533041,-12.30524957
f1 u1 l a,fula,uni2-bi4,-16.39506591,-14.17638947
f1 u1 d o,fudo,uni2-bi4,-16.39466126,-11.90092773
f1 i1 g a,figa,uni2-bi4,-16.39063177,-12.16332469
x1 a1 x e,jage,uni2-bi4,-16.38176442,-13.57792632
b1 o1 x e,boge,uni2-bi4,-16.28599306,-12.90596028
r e x1 e1,rejé,uni2-bi4,-16.22868227,-11.86165292
l1 o1 x e,loge,uni2-bi4,-16.22703335,-13.57437287
f1 u1 ɾ o,furo,uni2-bi4,-16.22322939,-12.31533596
x1 u1 d o,judo,uni2-bi4,-16.22006175,-12.93150882
t͡ʃ1 o1 n e,chone,uni2-bi4,-16.18567151,-14.20900846
k u d1 o1,cudó,uni2-bi4,-16.13135399,-11.67387265
f1 u1 ɾ a,fura,uni2-bi4,-16.02955593,-12.17609458
t͡ʃ1 a1 b e,chabe,uni2-bi4,-16.01760263,-12.98556493
p1 o1 r e,porre,uni2-bi4,-15.99512295,-12.37445773
f1 a1 r e,farre,uni2-bi4,-15.97363056,-14.19960637
f i k1 a1,ficá,uni2-bi4,-15.93847644,-13.56548978
m1 e1 x e,meje,uni2-bi4,-15.9368086,-12.11053165
g1 u1 d o,gudo,uni2-bi4,-15.87678364,-12.01665539
r1 o1 ɾ o,roro,uni2-bi4,-15.81036992,-11.88139247
b1 e1 x e,bege,uni2-bi4,-15.78651387,-12.32152271
r1 e1 b a,reba,uni2-bi4,-15.75631797,-12.95098639
t͡ʃ1 a1 l a,chala,uni2-bi4,-15.73908032,-13.57671019
t͡ʃ1 a1 d o,chado,uni2-bi4,-15.73867567,-10.71105392
i1 e1 t͡ʃ o,yecho,uni2-bi4,-15.73483632,-14.16032756
r1 o1 n o,rono,uni2-bi4,-15.68840908,-12.15179607
k u d1 e1,cudé,uni2-bi4,-15.6318748,-12.1582242
n1 o1 l u,nolu,uni3-bi1,-15.55241026,-22.52380612
u1 o1 p i,huopi,uni3-bi1,-15.55046586,-23.8195994
d u i1 u1,duyú,uni3-bi1,-15.51960816,-21.16388768
ɲ1 i1 s e,ñise,uni3-bi1,-15.48697857,-19.81648291
t1 u1 s u,tusu,uni3-bi1,-15.38564613,-19.83274622
u1 e1 u i,huehui,uni3-bi1,-15.35290708,-23.89314144
f o u1 a1,fohuá,uni3-bi1,-15.33590778,-21.2139043
u1 o1 u o,huohuo,uni3-bi1,-15.32662118,-26.37811141
u o u1 o1,huohuó,uni3-bi1,-15.32662118,-27.44042866
i1 a1 r u,llarru,uni3-bi1,-15.28731931,-22.57866112
u1 i1 u i,huihui,uni3-bi1,-15.1803348,-25.58653183
u i u1 i1,huihuí,uni3-bi1,-15.1803348,-24.02046546
i1 u1 i u,yuyu,uni3-bi1,-15.1803348,-24.65333284
f a u1 a1,fahuá,uni3-bi1,-15.14223432,-19.87988246
g e u1 i1,guehuí,uni3-bi1,-15.13797688,-22.4989717
u e u1 o1,huehuó,uni3-bi1,-15.13787932,-25.19604828
u1 o1 u e,huohue,uni3-bi1,-15.13787932,-26.04655928
u1 a1 ɾ u,guaru,uni3-bi1,-15.09109734,-21.21754879
n1 o1 u i,nohui,uni3-bi1,-15.01905881,-25.4921331
n1 o1 i u,noyu,uni3-bi1,-15.01905881,-24.57239831
s1 u1 k i,suqui,uni3-bi1,-14.98548639,-19.90488418
u1 a1 n u,guanu,uni3-bi1,-14.9691365,-22.53622931
u1 o1 ɾ i,huori,uni3-bi1,-14.92593513,-21.20552809
u1 a1 u i,guahui,uni3-bi1,-14.92325585,-24.49514478
u1 a1 i u,guayu,uni3-bi1,-14.92325585,-24.12972072
n1 e1 d u,nedu,uni3-bi1,-14.85885298,-22.43503752
p1 i1 u e,pihue,uni3-bi1,-14.81577631,-19.81614044
n i u1 o1,nihuó,uni3-bi1,-14.80397429,-23.82696145
d1 e1 u o,dehuo,uni3-bi1,-14.67261643,-21.23271366
u1 i1 u o,huihuo,uni3-bi1,-14.65456971,-23.6109885
u o u1 i1,huohuí,uni3-bi1,-14.65456971,-26.72908832
u o i1 u1,huoyú,uni3-bi1,-14.65456971,-25.565343
m1 a1 u o,mahuo,uni3-bi1,-14.6058707,-19.81548886
n1 e1 n u,nenu,uni3-bi1,-14.56546026,-22.5340357
n1 e1 u i,nehui,uni3-bi1,-14.51957962,-25.18046453
n1 o1 s u,nosu,uni3-bi1,-14.51793712,-21.30120896
n1 u1 r o,nuro,uni3-bi2,-15.56606176,-17.51433348
b1 a1 m u,vamu,uni3-bi2,-15.54758325,-18.31431544
t a g1 u1,tagú,uni3-bi2,-15.53451824,-16.68004563
t͡ʃ a n1 a1,chaná,uni3-bi2,-15.51570852,-17.07943122
u e p1 o1,huepó,uni3-bi2,-15.48782778,-18.7269367
i e t͡ʃ1 i1,llechí,uni3-bi2,-15.46773939,-17.92431307
u a g1 e1,guagué,uni3-bi2,-15.3731774,-18.70619913
l o f1 i1,lofí,uni3-bi2,-15.35121502,-16.66796275
s1 u1 p i,supi,uni3-bi2,-15.34436533,-18.32128403
n a f1 o1,nafó,uni3-bi2,-15.34212223,-17.10928001
t1 i1 g i,tigui,uni3-bi2,-15.32139251,-17.90549138
m1 o1 d i,modi,uni3-bi2,-15.30574693,-17.50239939
n u m1 a1,numá,uni3-bi2,-15.17751643,-17.90535497
b1 a1 t u,vatu,uni3-bi2,-15.17202246,-18.74220495
n1 o1 g o,nogo,uni3-bi2,-15.16544275,-16.69100605
b1 a1 ɾ u,varu,uni3-bi2,-15.14918254,-18.38322908
l a l1 u1,lalú,uni3-bi2,-15.13660492,-17.48601512
n u s1 o1,nusó,uni3-bi2,-15.12669352,-17.06338919
n a p1 u1,napú,uni3-bi2,-14.99995708,-18.72347911
r1 i1 s i,risi,uni3-bi2,-14.99512037,-16.71015477
u e d1 o1,huedó,uni3-bi2,-14.98335376,-17.50102406
l1 i1 r a,lirra,uni3-bi2,-14.96731692,-18.34264218
n i x1 a1,nijá,uni3-bi2,-14.95783084,-17.09802677
b1 i1 p i,bipi,uni3-bi2,-14.93649958,-17.94991203
b o n1 u1,bonú,uni3-bi2,-14.77141613,-17.50727776
p o n1 u1,ponú,uni3-bi2,-14.75684618,-17.09632594
s u k1 i1,suquí,uni3-bi2,-14.75601669,-17.90423804
t i s1 u1,tisú,uni3-bi2,-14.74267452,-16.67680993
b1 i1 s u,bisu,uni3-bi2,-14.73729831,-18.33968516
d1 i1 p i,dipi,uni3-bi2,-14.72388882,-18.74757961
g1 a1 n i,gani,uni3-bi2,-14.61455273,-17.08230473
n u ɾ1 o1,nuró,uni3-bi2,-14.60292871,-17.51668747
s1 u1 n i,suni,uni3-bi2,-14.59787376,-18.31321021
b a n1 u1,vanú,uni3-bi2,-14.57774268,-17.88890012
u1 o1 l e,huole,uni3-bi2,-14.57693815,-18.72954056
g e i1 o1,guelló,uni3-bi2,-14.57250401,-16.66603568
t u l1 e1,tulé,uni3-bi3,-15.54271398,-15.03585922
f1 i1 t i,fiti,uni3-bi3,-15.53431006,-15.66433219
t i f1 i1,tifí,uni3-bi3,-15.53431006,-16.24520803
s1 i1 x i,sigi,uni3-bi3,-15.49878994,-15.94733003
p1 a1 f e,pafe,uni3-bi3,-15.49711438,-14.76538792
i u t1 o1,yutó,uni3-bi3,-15.32129495,-15.92642931
r a p1 i1,rapí,uni3-bi3,-15.31813989,-15.66719521
l1 e1 g e,legue,uni3-bi3,-15.30967465,-15.33716845
f1 o1 i e,foye,uni3-bi3,-15.30117317,-16.24499833
u1 a1 x e,guage,uni3-bi3,-15.29877745,-15.02205558
b a x1 i1,bagí,uni3-bi3,-15.25653277,-14.81568902
d e m1 u1,demú,uni3-bi3,-15.15671285,-16.26704308
d1 e1 g e,degue,uni3-bi3,-15.1560236,-14.74883208
f a l1 a1,fala,uni3-bi3,-15.14135982,-15.04454766
s e t͡ʃ1 e1,seché,uni3-bi3,-15.13918999,-15.36442809
d o l1 u1,dolú,uni3-bi3,-15.13620027,-15.66072526
g1 a1 m i,gami,uni3-bi3,-15.13491428,-15.96259727
f1 e1 i o,feyo,uni3-bi3,-14.99043584,-15.35408923
b1 o1 ɾ i,bori,uni3-bi3,-14.98402032,-15.91082478
t e r1 i1,terrí,uni3-bi3,-14.97241651,-15.05894991
n1 o1 g a,noga,uni3-bi3,-14.9717693,-16.1928051
g o t1 e1,goté,uni3-bi3,-14.9681997,-15.63476416
x e ɾ1 o1,geró,uni3-bi3,-14.93256966,-14.74200675
d e d1 u1,dedú,uni3-bi3,-14.79380735,-16.23978329
t1 e1 g e,tegue,uni3-bi3,-14.77945784,-14.76388734
i a r1 i1,yarrí,uni3-bi3,-14.77680351,-15.91948073
s u p1 a1,supá,uni3-bi3,-14.77208263,-15.05256922
d1 o1 ɾ i,dori,uni3-bi3,-14.77140956,-15.65428799
t u ɾ1 o1,turó,uni3-bi3,-14.74772947,-15.34358865
b a s1 u1,vasú,uni3-bi3,-14.63949674,-15.65165893
d o t1 u1,dotú,uni3-bi3,-14.60598346,-15.91966596
l u ɾ1 e1,luré,uni3-bi3,-14.59092033,-15.32179101
b1 e1 p o,bepo,uni3-bi3,-14.58330678,-15.02511923
k i b1 i1,quibí,uni3-bi3,-14.57762065,-14.73405812
i1 o1 g e,yogue,uni3-bi3,-14.57250401,-16.25274147
m1 e1 g e,megue,uni3-bi4,-15.51892909,-14.08172961
k u s1 o1,cusó,uni3-bi4,-15.51430615,-12.60622277
g a m1 e1,gamé,uni3-bi4,-15.5139975,-13.33825237
k1 u1 b e,cube,uni3-bi4,-15.49280531,-11.86595682
m1 e1 r e,merre,uni3-bi4,-15.35407523,-12.65352258
r1 a1 b a,raba,uni3-bi4,-15.32666674,-11.8028015
x1 o1 t e,jote,uni3-bi4,-15.31725507,-14.11195961
r1 i1 d o,rido,uni3-bi4,-15.30975032,-10.94281358
u1 e1 g a,huega,uni3-bi4,-15.30561757,-13.37182212
k1 u1 d o,cudo,uni3-bi4,-15.21387835,-10.48214445
f1 i1 d o,fido,uni3-bi4,-15.15713692,-10.48034515
b i k1 e1,biqué,uni3-bi4,-15.1423602,-14.0607263
r1 i1 ɾ o,riro,uni3-bi4,-15.13831845,-13.37323041
f1 a1 m o,famo,uni3-bi4,-15.12702682,-12.57931907
r1 i1 d e,ride,uni3-bi4,-15.12100846,-11.83639537
r1 e1 ɾ a,rera,uni3-bi4,-15.11721728,-11.37328841
r1 a1 d o,rado,uni3-bi4,-15.05267138,-9.888493929
k1 u1 d e,cude,uni3-bi4,-15.02513649,-11.37572625
f1 e1 ɾ a,fera,uni3-bi4,-14.96460388,-11.82957037
x1 e1 d a,geda,uni3-bi4,-14.96143624,-14.104443
s1 e1 x e,sege,uni3-bi4,-14.95685527,-12.59990949
g1 o1 ɾ e,fore,uni3-bi4,-14.95113704,-13.35966098
f1 a1 d o,fado,uni3-bi4,-14.90005798,-10.71506888
r1 a1 d e,rade,uni3-bi4,-14.86392952,-10.78207572
r1 a1 d a,rada,uni3-bi4,-14.85899793,-10.97533356
b1 u1 ɾ a,bura,uni3-bi4,-14.83005465,-11.85059598
m1 o1 m a,moma,uni3-bi4,-14.81327723,-13.38250053
t1 i1 g o,tigo,uni3-bi4,-14.79562742,-12.63881165
l1 u1 t a,luta,uni3-bi4,-14.79393487,-14.1188669
x1 a1 d o,jado,uni3-bi4,-14.72545847,-10.59087241
g1 a1 b e,gabe,uni3-bi4,-14.66110731,-11.87754536
p1 e1 m o,pemo,uni3-bi4,-14.64904003,-11.17784256
d o b1 o1,dobó,uni3-bi4,-14.62968711,-12.64423394
t1 e1 r e,terre,uni3-bi4,-14.61460398,-13.33568031
l1 o1 l e,lole,uni3-bi4,-14.57606364,-14.10324983
p1 o1 ɾ a,pora,uni3-bi4,-14.55644505,-11.07054675
u e u1 i1,huehuí,uni4-bi1,-14.46582785,-24.48470794
u e i1 u1,hueyó,uni4-bi1,-14.46582785,-24.7322236
u o u1 a1,huohuá,uni4-bi1,-14.39749077,-25.32164849
n1 i1 u i,nihui,uni4-bi1,-14.34700734,-24.68451032
i1 e1 t u,yetu,uni4-bi1,-14.30606415,-19.60989387
n1 o1 u a,nohua,uni4-bi1,-14.29962027,-21.70503557
n o u1 o1,nohuó,uni4-bi1,-14.2782092,-24.21809581
i1 a1 m u,llamu,uni4-bi1,-14.25197372,-20.65248154
i o u1 o1,yohuó,uni4-bi1,-14.23232855,-22.74723947
i1 e1 u i,yehui,uni4-bi1,-14.11538274,-23.81151181
n1 a1 u i,nahui,uni4-bi1,-14.08992839,-23.85481799
n1 e1 u o,nehuo,uni4-bi1,-13.99381453,-23.2049212
m e u1 i1,mehuí,uni4-bi1,-13.93777742,-19.63799963
l e u1 i1,lehuí,uni4-bi1,-13.90488668,-20.67066929
n i u1 a1,nihuá,uni4-bi1,-13.87484387,-21.70818128
n1 i1 u o,nihuo,uni4-bi1,-13.82124225,-22.70896699
n1 e1 u e,nehue,uni4-bi1,-13.80507267,-22.87336907
s o u1 o1,sohuó,uni4-bi1,-13.73120687,-23.18959812
i1 a1 i u,llayu,uni4-bi1,-13.68573151,-23.63356711
i1 a1 u i,yahui,uni4-bi1,-13.68573151,-23.99899117
u a n1 i1,guaní,uni4-bi1,-13.62756879,-19.58192935
n o u1 i1,nohuí,uni4-bi1,-13.60615773,-23.50675547
s i u1 i1,sihuí,uni4-bi1,-13.58492049,-20.67714082
s a u1 o1,sahuó,uni4-bi1,-13.53753342,-21.52006488
s1 a1 u e,sahue,uni4-bi1,-13.4371755,-19.74230329
n e i1 u1,neyú,uni4-bi1,-13.41741587,-22.44570994
n a u1 i1,nahuí,uni4-bi1,-13.41248428,-22.29531683
i e u1 i1,llehuí,uni4-bi1,-13.37153522,-21.59267534
i a u1 i1,yahuí,uni4-bi1,-13.36660363,-20.62756198
n e u1 a1,nehuá,uni4-bi1,-13.16033692,-20.79075445
u o i1 a1,huoyá,uni4-bi1,-13.15996643,-21.7334372
u o ɾ1 a1,huorá,uni4-bi1,-13.10215256,-19.53069846
s o u1 i1,sohuí,uni4-bi1,-13.0591554,-22.47825778
i1 a1 u e,yahue,uni4-bi1,-12.97122457,-21.69189571
s a u1 i1,sahuí,uni4-bi1,-12.86548195,-20.80872454
s a u1 a1,sahuá,uni4-bi1,-12.608403,-19.40128472
n i k1 i1,niquí,uni4-bi2,-14.20872639,-17.92215166
k e p1 i1,quepí,uni4-bi2,-14.15497696,-16.68380073
u i s1 a1,huisá,uni4-bi2,-14.15168245,-17.09276646
d1 e1 n i,deni,uni4-bi2,-14.14996954,-17.53987091
n e t1 u1,netú,uni4-bi2,-14.12384888,-18.72550577
n a t1 u1,natú,uni4-bi2,-14.11891729,-18.34188016
u e s1 i1 ,huesí,uni4-bi2,-13.69425445,-17.83442418
t o ɾ1 u1,torú,uni4-bi2,-13.69314463,-18.35464257
m a u1 a1,mahuá,uni4-bi2,-13.67576689,-18.72913775
n e k1 e1,nequé,uni4-bi2,-13.66679172,-17.4546536
i o k1 i1,yoquí,uni4-bi2,-13.63708065,-16.72065781
u i ɾ1 a1,guirá,uni4-bi2,-13.62791765,-17.10392675
s o u1 e1,sohué,uni4-bi2,-13.23172768,-18.80759402
n1 o1 i e,noye,uni4-bi2,-13.21025923,-18.41304799
d1 a1 s i,dasi,uni4-bi2,-13.17331598,-16.62621703
n1 a1 ɾ i,nari,uni4-bi2,-13.16347725,-17.14136682
i1 a1 m i,llami,uni4-bi2,-13.15768109,-17.89841099
n1 e1 k e,neque,uni4-bi2,-13.14427332,-17.5340557
i1 a1 t i,yati,uni4-bi2,-12.7821203,-18.26184081
n o n1 i1,noní,uni4-bi2,-12.77283027,-17.46134626
n a n1 e1,nané,uni4-bi2,-12.7517291,-17.07779896
t a n1 i1,taní,uni4-bi2,-12.72395758,-16.59904881
s e u1 a1,sehuá,uni4-bi2,-12.61333459,-18.65614407
n e n1 i1,není,uni4-bi2,-12.58408841,-17.98407538
n o ɾ1 i1,norí,uni4-bi2,-12.31081952,-17.35842381
n e ɾ1 i1,nerí,uni4-bi2,-12.12207766,-16.61784665
n o i1 a1,noyá,uni4-bi2,-12.11155445,-18.51110435
i1 a1 s i,yasi,uni4-bi2,-12.0903172,-18.45067881
i o i1 a1,yoyá,uni4-bi2,-12.0656738,-17.04024802
s a n1 i1,saní,uni4-bi2,-12.03215448,-17.07252583
n e i1 a1,neyá,uni4-bi2,-11.92281259,-18.61380414
n a i1 a1,nayá,uni4-bi2,-11.91788099,-18.07692272
i1 a1 i e,llaye,uni4-bi2,-11.87693194,-17.47421679
i e i1 a1,yeyá,uni4-bi2,-11.87693194,-18.00828521
s o i1 a1,soyá,uni4-bi2,-11.56455212,-17.48260667
s a i1 a1,sayá,uni4-bi2,-11.37087866,-16.59033043
u1 i1 b a,huiba,uni4-bi3,-14.1735458,-15.06240257
l u ɾ1 a1,lurá,uni4-bi3,-14.16126911,-15.66090617
l e k1 e1,lequé,uni4-bi3,-14.15426253,-15.92712862
d1 u1 s o,duso,uni4-bi3,-14.14215417,-14.74049407
s o x1 i1,sojí,uni4-bi3,-14.14214237,-16.20773468
l o d1 a1,lodá,uni4-bi3,-13.68202403,-15.34385141
d e ɾ1 u1,derú,uni4-bi3,-13.65299471,-16.22454641
s u s1 a1,susá,uni4-bi3,-13.65056077,-14.67833794
l e l1 a1,lelá,uni4-bi3,-13.64693323,-15.04296286
t e k1 i1,tequí,uni4-bi3,-13.6390202,-15.94353991
i a k1 e1,llaqué,uni4-bi3,-13.61597948,-15.64264904
l a n1 e1,lané,uni4-bi3,-13.23919991,-15.68428304
i e d1 i1,lledí,uni4-bi3,-13.21700966,-16.19595491
n a b1 a1,nabá,uni4-bi3,-13.21349053,-15.9703844
t o i1 o1,toyó,uni4-bi3,-13.18548563,-14.72080908
i o d1 a1,yodá,uni4-bi3,-13.14867258,-15.33046079
n1 i1 m e ,nime,uni4-bi3,-13.10444996,-14.99705006
i o n1 i1,yoní,uni4-bi3,-12.72694962,-15.99048993
i a n1 e1,llané,uni4-bi3,-12.70584845,-15.41004411
t o i1 e1,toyé,uni4-bi3,-12.68600644,-15.12065501
p e i1 a1,peyá,uni4-bi3,-12.66930415,-15.60636658
t o n1 a1,toná,uni4-bi3,-12.66055209,-14.77385177
s o s1 i1,sosí,uni4-bi3,-12.287582,-15.32237035
i o ɾ1 i1,yorí,uni4-bi3,-12.26493888,-15.88756747
d e i1 a1,dellá,uni4-bi3,-12.2162053,-15.68253575
n1 e1 s a,nesa,uni4-bi3,-12.20472677,-15.18869168
t o ɾ1 a1,torá,uni4-bi3,-12.19854134,-14.76661623
n a ɾ1 i1,narí,uni4-bi3,-12.11714607,-16.16369318
s e n1 i1,sení,uni4-bi3,-12.03708608,-15.849465
i e ɾ1 a1,llerá,uni4-bi3,-11.81911807,-14.96226952
s a i1 e1,sallé,uni4-bi3,-11.80052989,-14.74163047
s o ɾ1 i1,sorí,uni4-bi3,-11.76381719,-16.32992612
i1 a1 s o,yaso,uni4-bi3,-11.56455212,-15.56762957
s o ɾ1 a1,sorá,uni4-bi3,-11.50673825,-15.27986793
p1 a1 m o,pamo,uni4-bi4,-14.2193888,-11.09276477
g1 a1 d e,gade,uni4-bi4,-14.19343849,-10.49661614
k1 u1 s e,cuse,uni4-bi4,-14.18474145,-12.12093491
t i s1 o1,tisó,uni4-bi4,-14.17720165,-13.96236542
l1 e1 d o,ledo,uni4-bi4,-14.07124821,-13.01229994
p1 a1 d o,pado,uni4-bi4,-13.99241996,-9.228514574
m1 a1 d o,mado,uni4-bi4,-13.85085143,-9.330889084
m1 a1 ɾ o,maro,uni4-bi4,-13.67941956,-11.09929816
m1 a1 d e,made,uni4-bi4,-13.66210957,-10.22447088
t1 i1 b e,tibe,uni4-bi4,-13.64738607,-12.07679073
k a n1 o1,canó,uni4-bi4,-13.63882092,-14.0039303
k1 a1 d e,cade,uni4-bi4,-13.53053321,-9.510513536
d1 a1 d e ,dade,uni4-bi4,-13.29920407,-10.60796808
l1 a1 ɾ e,lare,uni4-bi4,-13.28142325,-12.07273938
t1 e1 ɾ a,tera,uni4-bi4,-13.17592607,-11.15010382
d a t1 i1,datí,uni4-bi4,-13.17478567,-13.96801094
d o t1 a1,dotá,uni4-bi4,-13.11138018,-13.02725898
t1 a1 d o,tado,uni4-bi4,-13.11138018,-9.056377541
s1 i1 d e,side,uni4-bi4,-12.93923518,-10.47429984
t1 a1 d e,tade,uni4-bi4,-12.92263831,-9.949959337
t1 a1 d a,tada,uni4-bi4,-12.91770672,-10.14321718
t1 a1 ɾ e,tare,uni4-bi4,-12.75120644,-11.18552923
s1 a1 ɾ o,saro,uni4-bi4,-12.69946622,-11.35766472
d e s1 a1,desà,uni4-bi4,-12.68215624,-12.98618468
s1 a1 d e,sade,uni4-bi4,-12.68215624,-10.48283744
s1 a1 d a,sada,uni4-bi4,-12.67722464,-10.67609528
m a ɾ1 i1,marí,uni4-bi4,-12.63750762,-14.00495393
s1 a1 t e,sate,uni4-bi4,-12.53356429,-12.0053385
i1 a1 d o,llado,uni4-bi4,-12.40494716,-11.53884806
i1 a1 d e,llade,uni4-bi4,-12.2162053,-12.43242985
s1 i1 s e,sise,uni4-bi4,-12.09884014,-11.96316436
s a t1 a1,satá,uni4-bi4,-12.07731168,-13.96288089
t e ɾ1 a1,terá,uni4-bi4,-12.00979948,-12.97997153
s1 a1 s e,sase,uni4-bi4,-11.84176119,-13.11619152
i1 e1 s a,yesa,uni4-bi4,-11.80052989,-13.81973895
f o m1 a1,fomá,uni3-bi3,-15.54428770847592,-15.309265036706895
b a p1 u1,bapú,uni2-bi3,-15.761018603125391,-16.272661276021363
n i ɾ1 a1,nirá,uni4-bi3,-12.579505667676546,-16.199082403511937
d1 i1 ɾ o,diro,uni4-bi4,-13.57359300523832,-12.980926970940992
f e ɾ1 i1,ferí,uni4-bi3,-14.108906652846038,-15.34094499616507
r e k1 o1,recó,uni2-bi4,-15.721978061275996,-12.25758270768626